image	response
/home/whx/Dataset/species196/species196_mollusca/train/Achatina/Achatina_019.jpg	A mollusk is on a leafy green background.
/home/whx/Dataset/species196/species196_mollusca/train/Achatina/Achatina_211_new.jpg	A mollusk is on a rock with grass and twigs in the background.
/home/whx/Dataset/species196/species196_mollusca/train/Achatina/Achatina_138_new.jpg	A mollusk is on a textured white surface.
/home/whx/Dataset/species196/species196_mollusca/train/Achatina/Achatina_574_new.jpg	green foliage, brick surface.
/home/whx/Dataset/species196/species196_mollusca/train/Acusta/Acusta_007_new.jpg	A mollusk on a gravelly surface.
/home/whx/Dataset/species196/species196_mollusca/train/Acusta/Acusta_044.jpg	A mollusk is on a green, textured surface.
/home/whx/Dataset/species196/species196_mollusca/train/Acusta/Acusta_119_new.jpg	A mollusk rests on a bed of rocks and leaves.
/home/whx/Dataset/species196/species196_mollusca/train/Acusta/Acusta_128_new.jpg	A mollusk is on a textured, rough bark surface.
/home/whx/Dataset/species196/species196_mollusca/train/Cepaea/Cepaea_017.jpg	A mollusk rests on a rough, textured rock surface.
/home/whx/Dataset/species196/species196_mollusca/train/Cepaea/Cepaea_019.jpg	A mollusk on a textured surface.
/home/whx/Dataset/species196/species196_mollusca/train/Cepaea/Cepaea_015.jpg	A mollusk on a wooden surface.
/home/whx/Dataset/species196/species196_mollusca/train/Cepaea/Cepaea_269.jpg	The mollusk is on a wooden surface.
/home/whx/Dataset/species196/species196_mollusca/train/Cernuella/Cernuella_065.jpg	The background of the mollusk is black.
/home/whx/Dataset/species196/species196_mollusca/train/Cernuella/Cernuella_018.jpg	The background is black.
/home/whx/Dataset/species196/species196_mollusca/train/Cernuella/Cernuella_172.jpg	A mollusk is on a white surface.
/home/whx/Dataset/species196/species196_mollusca/train/Cernuella/Cernuella_038.jpg	The background is black.
/home/whx/Dataset/species196/species196_mollusca/train/Euglandina/Euglandina_035.jpg	A mollusk on mossy surface.
/home/whx/Dataset/species196/species196_mollusca/train/Euglandina/Euglandina_085.jpg	Green grass.
/home/whx/Dataset/species196/species196_mollusca/train/Euglandina/Euglandina_015.jpg	A mollusk is held in a hand with grass in the background.
/home/whx/Dataset/species196/species196_mollusca/train/Euglandina/Euglandina_002.jpg	A mollusk on a green leaf.
/home/whx/Dataset/species196/species196_mollusca/train/Otala/Otala_009.jpg	A mollusk on a rock.
/home/whx/Dataset/species196/species196_mollusca/train/Otala/Otala_053.jpg	A mollusk rests on a textured, dark rock surface.
/home/whx/Dataset/species196/species196_mollusca/train/Otala/Otala_079.jpg	The background is black.
/home/whx/Dataset/species196/species196_mollusca/train/Otala/Otala_097.jpg	A mollusk is on a textured rock surface.
/home/whx/Dataset/species196/species196_mollusca/train/Theba/Theba_225.jpg	A mollusk is on a white surface.
/home/whx/Dataset/species196/species196_mollusca/train/Theba/Theba_130.jpg	A mollusk is on a grassy background with a white flower.
/home/whx/Dataset/species196/species196_mollusca/train/Theba/Theba_198.jpg	A mollusk is surrounded by green stems and yellow flowers.
/home/whx/Dataset/species196/species196_mollusca/train/Theba/Theba_196.jpg	Green leaves, blurred background.
